{
    "train": {
        "loss": 0.24829959869384766,
        "accuracy": 0.9032257795333862
    },
    "eval": {
        "loss": 0.1978454291820526,
        "accuracy": 0.9290322661399841
    },
    "step": 41,
    "test_loss": 0.40212732553482056,
    "test_accuracy": 0.8258064389228821,
    "test_recall": 0.9206349206349206,
    "test_precision": 0.725,
    "test_f1": 0.8111888111888111,
    "test_roc_auc": 0.9465148378191857
}
