{
    "test_accuracy": 0.9354838709677419,
    "test_recall": 0.8904109589041096,
    "test_precision": 0.9701492537313433,
    "test_f1": 0.9285714285714286,
    "test_roc_auc": 0.984129635816906
}
