{
    "estimator_weights_mean": 0.0944241961188548,
    "feature_importance_mean": 0.038461538461538464,
    "cv_accuracy_mean": 0.9185185185185183,
    "cv_f1_mean": 0.9167959496300797,
    "cv_precision_mean": 0.9373656926182502,
    "cv_recall_mean": 0.8975308641975308,
    "cv_roc_auc_mean": 0.9632677945435149,
    "cv_std_accuracy": 0.013325329101804253,
    "cv_std_f1": 0.01348301780681576,
    "cv_std_precision": 0.02152615706598163,
    "cv_std_recall": 0.017719382832601622,
    "cv_std_roc_auc": 0.008276261619170408,
    "test_accuracy": 0.904320987654321,
    "test_recall": 0.8986486486486487,
    "test_precision": 0.8926174496644296,
    "test_f1": 0.8956228956228957,
    "test_roc_auc": 0.9603808353808353
}
