{
    "best_loss": 0.1678096291928007,
    "loss_curve": 0.1868887522711933,
    "cv_accuracy_mean": 0.8979058497750086,
    "cv_f1_mean": 0.89961817997608,
    "cv_precision_mean": 0.8901528816764243,
    "cv_recall_mean": 0.9111111111111111,
    "cv_roc_auc_mean": 0.9521339648523435,
    "cv_std_accuracy": 0.022980407892758247,
    "cv_std_f1": 0.02129852618943562,
    "cv_std_precision": 0.03868403104020828,
    "cv_std_recall": 0.03186046395200973,
    "cv_std_roc_auc": 0.023966774691312392,
    "test_accuracy": 0.8888888888888888,
    "test_recall": 0.88,
    "test_precision": 0.88,
    "test_f1": 0.88,
    "test_roc_auc": 0.9113793103448277
}
