{
    "feature_importance_mean": 0.038461536169052124,
    "cv_accuracy_mean": 0.9148148148148149,
    "cv_f1_mean": 0.9133822747885597,
    "cv_precision_mean": 0.9301826728117686,
    "cv_recall_mean": 0.8975308641975308,
    "cv_roc_auc_mean": 0.9636945587562871,
    "cv_std_accuracy": 0.013885459110125925,
    "cv_std_f1": 0.01367303835795764,
    "cv_std_precision": 0.022594282917770932,
    "cv_std_recall": 0.014917340708141448,
    "cv_std_roc_auc": 0.00916433289283232,
    "test_accuracy": 0.9135802469135802,
    "test_recall": 0.9121621621621622,
    "test_precision": 0.9,
    "test_f1": 0.9060402684563759,
    "test_roc_auc": 0.9706311425061425
}
