{
    "test_accuracy": 0.9225806451612903,
    "test_recall": 0.8904109589041096,
    "test_precision": 0.9420289855072463,
    "test_f1": 0.9154929577464789,
    "test_roc_auc": 0.9854660875375878
}
