{
    "best_loss": 0.17485021192860803,
    "loss_curve": 0.19689615858740184,
    "cv_accuracy_mean": 0.8964152225620114,
    "cv_f1_mean": 0.8917362247462759,
    "cv_precision_mean": 0.9282689888727624,
    "cv_recall_mean": 0.8592592592592592,
    "cv_roc_auc_mean": 0.9507881281955356,
    "cv_std_accuracy": 0.03594280553413878,
    "cv_std_f1": 0.03879458754142014,
    "cv_std_precision": 0.033571867118979096,
    "cv_std_recall": 0.053158148497804904,
    "cv_std_roc_auc": 0.02367639135805069,
    "test_accuracy": 0.8532110091743119,
    "test_recall": 0.8571428571428571,
    "test_precision": 0.8235294117647058,
    "test_f1": 0.84,
    "test_roc_auc": 0.9129251700680272
}
