{
    "best_loss": 0.2208183823022379,
    "loss_curve": 0.2270523146199834,
    "cv_accuracy_mean": 0.9148148148148149,
    "cv_f1_mean": 0.9114853786474857,
    "cv_precision_mean": 0.947990171990172,
    "cv_recall_mean": 0.8777777777777777,
    "cv_roc_auc_mean": 0.9610882487425696,
    "cv_std_accuracy": 0.01196957989485515,
    "cv_std_f1": 0.012719915030551596,
    "cv_std_precision": 0.010682966565830848,
    "cv_std_recall": 0.016746493785494497,
    "cv_std_roc_auc": 0.007603294962887091,
    "test_accuracy": 0.9104938271604939,
    "test_recall": 0.8513513513513513,
    "test_precision": 0.9473684210526315,
    "test_f1": 0.896797153024911,
    "test_roc_auc": 0.9589987714987716
}
