{
    "train": {
        "loss": 0.23491261899471283,
        "accuracy": 0.9040322303771973
    },
    "eval": {
        "loss": 0.1794337034225464,
        "accuracy": 0.9354838728904724
    },
    "step": 82,
    "test_accuracy": 0.9096774193548387,
    "test_recall": 0.8571428571428571,
    "test_precision": 0.9152542372881356,
    "test_f1": 0.8852459016393442,
    "test_roc_auc": 0.9496204278812974
}
