{
    "train": {
        "loss": 0.2543325424194336,
        "accuracy": 0.9016128778457642
    },
    "eval": {
        "loss": 0.2955875098705292,
        "accuracy": 0.9161289930343628
    },
    "step": 64,
    "test_accuracy": 0.9290322580645162,
    "test_recall": 0.9041095890410958,
    "test_precision": 0.9428571428571428,
    "test_f1": 0.9230769230769231,
    "test_roc_auc": 0.9776144336785835
}
