{
    "best_loss": 0.165895486629218,
    "loss_curve": 0.1672340824768228,
    "cv_accuracy_mean": 0.9290123456790124,
    "cv_f1_mean": 0.9288107546429586,
    "cv_precision_mean": 0.9338423419184085,
    "cv_recall_mean": 0.9246913580246915,
    "cv_roc_auc_mean": 0.9713534522176499,
    "cv_std_accuracy": 0.01831160120270536,
    "cv_std_f1": 0.01766876835100963,
    "cv_std_precision": 0.030192520797432287,
    "cv_std_recall": 0.022562551706786498,
    "cv_std_roc_auc": 0.008054904142945607,
    "test_accuracy": 0.9228395061728395,
    "test_recall": 0.8851351351351351,
    "test_precision": 0.9424460431654677,
    "test_f1": 0.9128919860627178,
    "test_roc_auc": 0.9747005528255528
}
