{
    "estimator_weights_mean": 0.2090131533471748,
    "feature_importance_mean": 0.038461538461538464,
    "cv_accuracy_mean": 0.8981481481481481,
    "cv_f1_mean": 0.8948409284982674,
    "cv_precision_mean": 0.9196421832136117,
    "cv_recall_mean": 0.874074074074074,
    "cv_roc_auc_mean": 0.957270233196159,
    "cv_std_accuracy": 0.029280348705262783,
    "cv_std_f1": 0.032561872595805175,
    "cv_std_precision": 0.03272383693561428,
    "cv_std_recall": 0.05902732389077492,
    "cv_std_roc_auc": 0.020068732436627226,
    "test_accuracy": 0.9351851851851852,
    "test_recall": 0.9183673469387755,
    "test_precision": 0.9375,
    "test_f1": 0.9278350515463918,
    "test_roc_auc": 0.9640262884814943
}
