{
    "feature_importance_mean": 0.03846154361963272,
    "cv_accuracy_mean": 0.8459674627898928,
    "cv_f1_mean": 0.8419903411487736,
    "cv_precision_mean": 0.8637718762718762,
    "cv_recall_mean": 0.8222222222222222,
    "cv_roc_auc_mean": 0.9153350415404923,
    "cv_std_accuracy": 0.026214518563634912,
    "cv_std_f1": 0.029498808292876665,
    "cv_std_precision": 0.020131197846234176,
    "cv_std_recall": 0.04475202212442433,
    "cv_std_roc_auc": 0.018016223350059757,
    "test_accuracy": 0.8240740740740741,
    "test_recall": 0.82,
    "test_precision": 0.803921568627451,
    "test_f1": 0.8118811881188119,
    "test_roc_auc": 0.8812068965517241
}
