{
    "best_loss": 0.16567081381319082,
    "loss_curve": 0.16567081381319082,
    "cv_accuracy_mean": 0.9148148148148149,
    "cv_f1_mean": 0.9111500042687612,
    "cv_precision_mean": 0.9519615384615385,
    "cv_recall_mean": 0.874074074074074,
    "cv_roc_auc_mean": 0.9719478737997257,
    "cv_std_accuracy": 0.009072184232530275,
    "cv_std_f1": 0.009784281082873327,
    "cv_std_precision": 0.015232021013913766,
    "cv_std_recall": 0.01814436846506059,
    "cv_std_roc_auc": 0.011894277694555628,
    "test_accuracy": 0.9166666666666666,
    "test_recall": 0.8775510204081632,
    "test_precision": 0.9347826086956522,
    "test_f1": 0.9052631578947369,
    "test_roc_auc": 0.9633344863369077
}
